{"_timestamp":1.7744327914447832e+09,"epoch":10,"best_val_acc":0.8518155053974484,"train/loss":0.37764819890268003,"lr":7.341522555726971e-06,"_step":9,"val/acc":0.8331697742885181,"_wandb":{"runtime":518},"_runtime":518,"train/acc":0.8237313066928169,"val/loss":0.48494275234515344}