{"val/acc":0.7860647693817469,"_timestamp":1.7744370369885633e+09,"_wandb":{"runtime":37},"lr":7.341522555726971e-06,"epoch":10,"val/loss":0.283505945140176,"val/f1":0.8307453416149069,"_runtime":37,"train/loss":0.28194718864011425,"best_val_f1":0.8307453416149069,"_step":9,"train/f1":0.8111833037999606,"train/acc":0.7648933562147585}